"","lower","upper","romantic","mean","n"
"1",11.2039795918367,12.0734693877551,"no",11.6326530612245,245
"2",10.7678571428571,11.8305803571429,"yes",11.2857142857143,112
