"","lower","upper","romantic","mean","n"
"1",11.1958163265306,12.0326530612245,"no",11.6326530612245,245
"2",10.7587053571429,11.8214285714286,"yes",11.2857142857143,112
