"","lower","upper","romantic","mean","n"
"1",11.2611224489796,12.0572448979592,"no",11.6326530612245,245
"2",10.7854910714286,11.8399553571429,"yes",11.2857142857143,112
